vector_size,threads,sequential_time,parallel_time,speedup,efficiency
100000,1,0.00016153,0.000117557,1.37405,137.405
100000,2,0.00016153,6.57652e-05,2.45616,122.808
100000,4,0.00016153,2.72742e-05,5.92244,148.061
100000,8,0.00016153,3.08038e-05,5.24383,65.5478
100000,12,0.00016153,0.00859,0.0188044,0.156703
1000000,1,0.00214539,0.0026433,0.811634,81.1634
1000000,2,0.00214539,0.00254773,0.842078,42.1039
1000000,4,0.00214539,0.00257193,0.834155,20.8539
1000000,8,0.00214539,0.00253395,0.846658,10.5832
1000000,12,0.00214539,0.00756131,0.283732,2.36444
5000000,1,0.0201856,0.010359,1.9486,194.86
5000000,2,0.0201856,0.0125509,1.60829,80.4147
5000000,4,0.0201856,0.0108293,1.86398,46.5995
5000000,8,0.0201856,0.0116443,1.73352,21.669
5000000,12,0.0201856,0.00844144,2.39125,19.9271
10000000,1,0.0286683,0.0299047,0.958653,95.8653
10000000,2,0.0286683,0.0283199,1.0123,50.615
10000000,4,0.0286683,0.022255,1.28817,32.2043
10000000,8,0.0286683,0.0175343,1.63498,20.4372
10000000,12,0.0286683,0.0226679,1.26471,10.5392
